year,island
2007,Torgersen
2007,Torgersen
2007,Torgersen
2007,Torgersen
2007,Torgersen
2007,Torgersen
2007,Torgersen
2007,Torgersen
2007,Torgersen
2007,Torgersen
2007,Torgersen
2007,Torgersen
2007,Torgersen
2007,Torgersen
2007,Torgersen
2007,Torgersen
2007,Torgersen
2007,Torgersen
2007,Torgersen
2007,Torgersen
2007,Biscoe
2007,Biscoe
2007,Biscoe
2007,Biscoe
2007,Biscoe
2007,Biscoe
2007,Biscoe
2007,Biscoe
2007,Biscoe
2007,Biscoe
2007,Dream
2007,Dream
2007,Dream
2007,Dream
2007,Dream
2007,Dream
2007,Dream
2007,Dream
2007,Dream
2007,Dream
2007,Dream
2007,Dream
2007,Dream
2007,Dream
2007,Dream
2007,Dream
2007,Dream
2007,Dream
2007,Dream
2007,Dream
2008,Biscoe
2008,Biscoe
2008,Biscoe
2008,Biscoe
2008,Biscoe
2008,Biscoe
2008,Biscoe
2008,Biscoe
2008,Biscoe
2008,Biscoe
2008,Biscoe
2008,Biscoe
2008,Biscoe
2008,Biscoe
2008,Biscoe
2008,Biscoe
2008,Biscoe
2008,Biscoe
2008,Torgersen
2008,Torgersen
2008,Torgersen
2008,Torgersen
2008,Torgersen
2008,Torgersen
2008,Torgersen
2008,Torgersen
2008,Torgersen
2008,Torgersen
2008,Torgersen
2008,Torgersen
2008,Torgersen
2008,Torgersen
2008,Torgersen
2008,Torgersen
2008,Dream
2008,Dream
2008,Dream
2008,Dream
2008,Dream
2008,Dream
2008,Dream
2008,Dream
2008,Dream
2008,Dream
2008,Dream
2008,Dream
2008,Dream
2008,Dream
2008,Dream
2008,Dream
2009,Biscoe
2009,Biscoe
2009,Biscoe
2009,Biscoe
2009,Biscoe
2009,Biscoe
2009,Biscoe
2009,Biscoe
2009,Biscoe
2009,Biscoe
2009,Biscoe
2009,Biscoe
2009,Biscoe
2009,Biscoe
2009,Biscoe
2009,Biscoe
2009,Torgersen
2009,Torgersen
2009,Torgersen
2009,Torgersen
2009,Torgersen
2009,Torgersen
2009,Torgersen
2009,Torgersen
2009,Torgersen
2009,Torgersen
2009,Torgersen
2009,Torgersen
2009,Torgersen
2009,Torgersen
2009,Torgersen
2009,Torgersen
2009,Dream
2009,Dream
2009,Dream
2009,Dream
2009,Dream
2009,Dream
2009,Dream
2009,Dream
2009,Dream
2009,Dream
2009,Dream
2009,Dream
2009,Dream
2009,Dream
2009,Dream
2009,Dream
2009,Dream
2009,Dream
2009,Dream
2009,Dream
2007,Biscoe
2007,Biscoe
2007,Biscoe
2007,Biscoe
2007,Biscoe
2007,Biscoe
2007,Biscoe
2007,Biscoe
2007,Biscoe
2007,Biscoe
2007,Biscoe
2007,Biscoe
2007,Biscoe
2007,Biscoe
2007,Biscoe
2007,Biscoe
2007,Biscoe
2007,Biscoe
2007,Biscoe
2007,Biscoe
2007,Biscoe
2007,Biscoe
2007,Biscoe
2007,Biscoe
2007,Biscoe
2007,Biscoe
2007,Biscoe
2007,Biscoe
2007,Biscoe
2007,Biscoe
2007,Biscoe
2007,Biscoe
2007,Biscoe
2007,Biscoe
2008,Biscoe
2008,Biscoe
2008,Biscoe
2008,Biscoe
2008,Biscoe
2008,Biscoe
2008,Biscoe
2008,Biscoe
2008,Biscoe
2008,Biscoe
2008,Biscoe
2008,Biscoe
2008,Biscoe
2008,Biscoe
2008,Biscoe
2008,Biscoe
2008,Biscoe
2008,Biscoe
2008,Biscoe
2008,Biscoe
2008,Biscoe
2008,Biscoe
2008,Biscoe
2008,Biscoe
2008,Biscoe
2008,Biscoe
2008,Biscoe
2008,Biscoe
2008,Biscoe
2008,Biscoe
2008,Biscoe
2008,Biscoe
2008,Biscoe
2008,Biscoe
2008,Biscoe
2008,Biscoe
2008,Biscoe
2008,Biscoe
2008,Biscoe
2008,Biscoe
2008,Biscoe
2008,Biscoe
2008,Biscoe
2008,Biscoe
2008,Biscoe
2008,Biscoe
2009,Biscoe
2009,Biscoe
2009,Biscoe
2009,Biscoe
2009,Biscoe
2009,Biscoe
2009,Biscoe
2009,Biscoe
2009,Biscoe
2009,Biscoe
2009,Biscoe
2009,Biscoe
2009,Biscoe
2009,Biscoe
2009,Biscoe
2009,Biscoe
2009,Biscoe
2009,Biscoe
2009,Biscoe
2009,Biscoe
2009,Biscoe
2009,Biscoe
2009,Biscoe
2009,Biscoe
2009,Biscoe
2009,Biscoe
2009,Biscoe
2009,Biscoe
2009,Biscoe
2009,Biscoe
2009,Biscoe
2009,Biscoe
2009,Biscoe
2009,Biscoe
2009,Biscoe
2009,Biscoe
2009,Biscoe
2009,Biscoe
2009,Biscoe
2009,Biscoe
2009,Biscoe
2009,Biscoe
2009,Biscoe
2009,Biscoe
2007,Dream
2007,Dream
2007,Dream
2007,Dream
2007,Dream
2007,Dream
2007,Dream
2007,Dream
2007,Dream
2007,Dream
2007,Dream
2007,Dream
2007,Dream
2007,Dream
2007,Dream
2007,Dream
2007,Dream
2007,Dream
2007,Dream
2007,Dream
2007,Dream
2007,Dream
2007,Dream
2007,Dream
2007,Dream
2007,Dream
2008,Dream
2008,Dream
2008,Dream
2008,Dream
2008,Dream
2008,Dream
2008,Dream
2008,Dream
2008,Dream
2008,Dream
2008,Dream
2008,Dream
2008,Dream
2008,Dream
2008,Dream
2008,Dream
2008,Dream
2008,Dream
2009,Dream
2009,Dream
2009,Dream
2009,Dream
2009,Dream
2009,Dream
2009,Dream
2009,Dream
2009,Dream
2009,Dream
2009,Dream
2009,Dream
2009,Dream
2009,Dream
2009,Dream
2009,Dream
2009,Dream
2009,Dream
2009,Dream
2009,Dream
2009,Dream
2009,Dream
2009,Dream
2009,Dream
